#Date,List of Food
2024-09-01,"Apple,Banana"
2024-09-02,"Apple,Banana,Orange"
2024-09-03,"Pasta,Bread"
2024-09-04,"Chcken,Beef"
2024-09-05,"Yogurt,Egg,Cheese"
2024-09-06,"Patato,Tomato"
2024-09-07,"Cucumber,Carrot"
2024-09-08,"Rice,Bread,Milk"
2024-09-09,"Apple,Grapes"
2024-09-10,"Yogurt,Egg,Cheese"
2024-09-11,"Apple,Banana,Carrot"
2024-09-12,"Chcken,Egg"
2024-09-13,"Pasta,Bread,Egg"
2024-09-14,"Bread,Rice"
2024-09-15,"Fish,Beef"
2024-09-16,"Yogurt,Milk"
2024-09-17,"Yogurt,Egg,Cheese"
2024-09-18,"Pasta,Totato"
2024-09-19,"Apple,Carrot"
2024-09-20,"Apple,Banana,Broccoli"
2024-09-21,"Chcken,Fish"
2024-09-22,"Pasta,Bread,Cheese"
2024-09-23,"Milk,Egg"
2024-09-24,"Rice,Beef"
2024-09-25,"Yogurt,Egg,Spinach"
2024-09-26,"Carrot,Totato,Tomato"
2024-09-27,"Apple,Orange,Tomato"
2024-09-28,"Cucumber,Carrot"
2024-09-29,"Chcken,Beef,Fish"
2024-09-30,"Spinach"